{"cameraMode":{"drawMode":0,"name":"Shaded","section":"Shading Mode"},"sceneLighting":true,"audioPlay":false,"sceneViewState":{"showFog":false,"showMaterialUpdate":false,"showSkybox":false,"showFlares":false,"showImageEffects":false,"showParticleSystems":false},"in2DMode":false,"pivot":{"x":-0.05235089361667633,"y":0.16230495274066926,"z":-0.4993319511413574},"rotation":{"x":-0.007785922382026911,"y":-0.07732483744621277,"z":0.0006075676647014916,"w":-0.9969809651374817},"size":2.4110827445983888,"orthographic":false}